{
  "openlabel": {
    "metadata": {
      "schema_version": "1.0.0",
      "frame_id": "000"
    },
    "objects": {
      "1": {
        "name": "car1",
        "type": "Car",
        "object_data": {
          "bbox": [
            {
              "name": "car1_bbox",
              "coordinate_system": "camera",
              "val": [
                1697.37,
                552.295,
                336.5200000000002,
                148.95
              ],
              "attributes": {
                "num": [
                  {
                    "name": "truncated",
                    "val": 0.0
                  },
                  {
                    "name": "occluded",
                    "val": 1.0
                  }
                ]
              }
            }
          ],
          "cuboid": [
            {
              "name": "car1_cuboid",
              "coordinate_system": "camera",
              "val": [
                22.134715698288908,
                7.843395236172997,
                5.040152361230655,
                -0.045000004197755045,
                -0.3839441603364836,
                -1.4947490646481665,
                4.755771017028607,
                1.97,
                1.63
              ],
              "attributes": {
                "num": [
                  {
                    "name": "alpha",
                    "val": 0
                  }
                ]
              }
            }
          ]
        },
        "object_data_pointers": {
          "car1_cuboid": {
            "type": "cuboid",
            "frame_intervals": [],
            "attributes": {
              "alpha": "num"
            }
          },
          "car1_bbox": {
            "type": "bbox",
            "frame_intervals": [],
            "attributes": {
              "truncated": "num",
              "occluded": "num"
            }
          }
        }
      },
      "2": {
        "name": "car2",
        "type": "Car",
        "object_data": {
          "bbox": [
            {
              "name": "car2_bbox",
              "coordinate_system": "camera",
              "val": [
                1025.55,
                692.085,
                228.30000000000007,
                119.09000000000003
              ],
              "attributes": {
                "num": [
                  {
                    "name": "truncated",
                    "val": 0.0
                  },
                  {
                    "name": "occluded",
                    "val": 1.0
                  }
                ]
              }
            }
          ],
          "cuboid": [
            {
              "name": "car2_cuboid",
              "coordinate_system": "camera",
              "val": [
                21.08458375785229,
                18.704381074283656,
                4.182695093407331,
                -0.042745242743592406,
                -0.41107362470559833,
                -1.1458389059967282,
                4.755771017028607,
                1.97,
                1.63
              ],
              "attributes": {
                "num": [
                  {
                    "name": "alpha",
                    "val": 0
                  }
                ]
              }
            }
          ]
        },
        "object_data_pointers": {
          "car2_cuboid": {
            "type": "cuboid",
            "frame_intervals": [],
            "attributes": {
              "alpha": "num"
            }
          },
          "car2_bbox": {
            "type": "bbox",
            "frame_intervals": [],
            "attributes": {
              "truncated": "num",
              "occluded": "num"
            }
          }
        }
      },
      "3": {
        "name": "car3",
        "type": "Car",
        "object_data": {
          "bbox": [],
          "cuboid": [
            {
              "name": "car3_cuboid",
              "coordinate_system": "camera",
              "val": [
                19.428863803585962,
                -8.778010972349207,
                4.762310165537429,
                -0.05570289774116569,
                -0.38832842019930075,
                1.0874645275490635,
                4.287198612163675,
                1.97,
                1.5483189911825375
              ],
              "attributes": {
                "num": [
                  {
                    "name": "alpha",
                    "val": 0
                  }
                ]
              }
            }
          ]
        },
        "object_data_pointers": {
          "car3_cuboid": {
            "type": "cuboid",
            "frame_intervals": [],
            "attributes": {
              "alpha": "num"
            }
          }
        }
      },
      "4": {
        "name": "van4",
        "type": "Van",
        "object_data": {
          "bbox": [],
          "cuboid": [
            {
              "name": "van4_cuboid",
              "coordinate_system": "camera",
              "val": [
                14.504225445528993,
                -15.17604983039683,
                3.2193090818473435,
                -0.04689483174083678,
                -0.39112418750948225,
                0.6765655433475908,
                4.969842137537689,
                1.97,
                1.9899954071761135
              ],
              "attributes": {
                "num": [
                  {
                    "name": "alpha",
                    "val": 0
                  }
                ]
              }
            }
          ]
        },
        "object_data_pointers": {
          "van4_cuboid": {
            "type": "cuboid",
            "frame_intervals": [],
            "attributes": {
              "alpha": "num"
            }
          }
        }
      },
      "5": {
        "name": "car5",
        "type": "Car",
        "object_data": {
          "bbox": [],
          "cuboid": [
            {
              "name": "car5_cuboid",
              "coordinate_system": "camera",
              "val": [
                -2.5828491736083956,
                15.899732325491104,
                -5.299325017177599,
                -0.06269112356222532,
                -0.37001744256131064,
                2.5756212906181624,
                4.43,
                1.97,
                1.63
              ],
              "attributes": {
                "num": [
                  {
                    "name": "alpha",
                    "val": 0
                  }
                ]
              }
            }
          ]
        },
        "object_data_pointers": {
          "car5_cuboid": {
            "type": "cuboid",
            "frame_intervals": [],
            "attributes": {
              "alpha": "num"
            }
          }
        }
      },
      "6": {
        "name": "car6",
        "type": "Car",
        "object_data": {
          "bbox": [],
          "cuboid": [
            {
              "name": "car6_cuboid",
              "coordinate_system": "camera",
              "val": [
                6.6748310737816725,
                -20.724614271966896,
                -0.0960162838253889,
                -0.03146703651150021,
                -0.4072237886203697,
                0.3193086379278243,
                4.4205525270725134,
                1.97,
                1.7168185231254598
              ],
              "attributes": {
                "num": [
                  {
                    "name": "alpha",
                    "val": 0
                  }
                ]
              }
            }
          ]
        },
        "object_data_pointers": {
          "car6_cuboid": {
            "type": "cuboid",
            "frame_intervals": [],
            "attributes": {
              "alpha": "num"
            }
          }
        }
      },
      "8": {
        "name": "car8",
        "type": "Car",
        "object_data": {
          "bbox": [],
          "cuboid": [
            {
              "name": "car8_cuboid",
              "coordinate_system": "camera",
              "val": [
                -13.602373102397658,
                22.893516936594835,
                -10.006806997735687,
                -0.06269112356222532,
                -0.3700174425613107,
                2.5520649311643067,
                4.43,
                1.97,
                1.63
              ],
              "attributes": {
                "num": [
                  {
                    "name": "alpha",
                    "val": 0
                  }
                ]
              }
            }
          ]
        },
        "object_data_pointers": {
          "car8_cuboid": {
            "type": "cuboid",
            "frame_intervals": [],
            "attributes": {
              "alpha": "num"
            }
          }
        }
      },
      "9": {
        "name": "car9",
        "type": "Car",
        "object_data": {
          "bbox": [],
          "cuboid": [
            {
              "name": "car9_cuboid",
              "coordinate_system": "camera",
              "val": [
                12.250686777315885,
                -22.094248110403562,
                2.272592559308779,
                -0.028661467472279913,
                -0.4079906881055411,
                0.49919367642926726,
                4.43,
                1.97,
                1.63
              ],
              "attributes": {
                "num": [
                  {
                    "name": "alpha",
                    "val": 0
                  }
                ]
              }
            }
          ]
        },
        "object_data_pointers": {
          "car9_cuboid": {
            "type": "cuboid",
            "frame_intervals": [],
            "attributes": {
              "alpha": "num"
            }
          }
        }
      },
      "10": {
        "name": "car10",
        "type": "Car",
        "object_data": {
          "bbox": [],
          "cuboid": [
            {
              "name": "car10_cuboid",
              "coordinate_system": "camera",
              "val": [
                6.817822272468605,
                -24.86574949345308,
                0.020687048474101633,
                -0.028661467472279902,
                -0.40799068810554123,
                0.34415094240986704,
                4.661864988082187,
                1.97,
                1.63
              ],
              "attributes": {
                "num": [
                  {
                    "name": "alpha",
                    "val": 0
                  }
                ]
              }
            }
          ]
        },
        "object_data_pointers": {
          "car10_cuboid": {
            "type": "cuboid",
            "frame_intervals": [],
            "attributes": {
              "alpha": "num"
            }
          }
        }
      },
      "11": {
        "name": "car11",
        "type": "Car",
        "object_data": {
          "bbox": [],
          "cuboid": [
            {
              "name": "car11_cuboid",
              "coordinate_system": "camera",
              "val": [
                -7.175612674382876,
                40.80139255124075,
                -8.081743364465547,
                -0.047426248782275804,
                -0.4089924229874539,
                1.118457452913887,
                4.755771017028607,
                1.97,
                1.63
              ],
              "attributes": {
                "num": [
                  {
                    "name": "alpha",
                    "val": 0
                  }
                ]
              }
            }
          ]
        },
        "object_data_pointers": {
          "car11_cuboid": {
            "type": "cuboid",
            "frame_intervals": [],
            "attributes": {
              "alpha": "num"
            }
          }
        }
      },
      "12": {
        "name": "car12",
        "type": "Car",
        "object_data": {
          "bbox": [
            {
              "name": "car12_bbox",
              "coordinate_system": "camera",
              "val": [
                524.215,
                735.23,
                106.53000000000003,
                85.57999999999993
              ],
              "attributes": {
                "num": [
                  {
                    "name": "truncated",
                    "val": 0.0
                  },
                  {
                    "name": "occluded",
                    "val": 1.0
                  }
                ]
              }
            }
          ],
          "cuboid": [
            {
              "name": "car12_cuboid",
              "coordinate_system": "camera",
              "val": [
                22.36380226860706,
                36.6301038980269,
                4.796253681053733,
                -0.03805273488022133,
                -0.3977298607422649,
                0.9192952927808187,
                4.755771017028607,
                1.97,
                1.63
              ],
              "attributes": {
                "num": [
                  {
                    "name": "alpha",
                    "val": 0
                  }
                ]
              }
            }
          ]
        },
        "object_data_pointers": {
          "car12_cuboid": {
            "type": "cuboid",
            "frame_intervals": [],
            "attributes": {
              "alpha": "num"
            }
          },
          "car12_bbox": {
            "type": "bbox",
            "frame_intervals": [],
            "attributes": {
              "truncated": "num",
              "occluded": "num"
            }
          }
        }
      },
      "13": {
        "name": "car13",
        "type": "Car",
        "object_data": {
          "bbox": [
            {
              "name": "car13_bbox",
              "coordinate_system": "camera",
              "val": [
                258.59000000000003,
                814.38,
                134.2,
                86.22000000000003
              ],
              "attributes": {
                "num": [
                  {
                    "name": "truncated",
                    "val": 0.0
                  },
                  {
                    "name": "occluded",
                    "val": 0.0
                  }
                ]
              }
            }
          ],
          "cuboid": [
            {
              "name": "car13_cuboid",
              "coordinate_system": "camera",
              "val": [
                18.729559741310258,
                40.765897447773916,
                3.167395430854609,
                -0.03805273488022126,
                -0.3977298607422659,
                0.9192952927808202,
                4.755771017028607,
                2.0893640677295555,
                1.63
              ],
              "attributes": {
                "num": [
                  {
                    "name": "alpha",
                    "val": 0
                  }
                ]
              }
            }
          ]
        },
        "object_data_pointers": {
          "car13_cuboid": {
            "type": "cuboid",
            "frame_intervals": [],
            "attributes": {
              "alpha": "num"
            }
          },
          "car13_bbox": {
            "type": "bbox",
            "frame_intervals": [],
            "attributes": {
              "truncated": "num",
              "occluded": "num"
            }
          }
        }
      },
      "17": {
        "name": "car17",
        "type": "Car",
        "object_data": {
          "bbox": [],
          "cuboid": [
            {
              "name": "car17_cuboid",
              "coordinate_system": "camera",
              "val": [
                -11.142339452078584,
                43.412029333440294,
                -9.974414795788919,
                -0.047426248782275804,
                -0.4089924229874539,
                1.118457452913887,
                4.632807349638178,
                2.0306066318766987,
                1.63
              ],
              "attributes": {
                "num": [
                  {
                    "name": "alpha",
                    "val": 0
                  }
                ]
              }
            }
          ]
        },
        "object_data_pointers": {
          "car17_cuboid": {
            "type": "cuboid",
            "frame_intervals": [],
            "attributes": {
              "alpha": "num"
            }
          }
        }
      },
      "18": {
        "name": "car18",
        "type": "Car",
        "object_data": {
          "bbox": [],
          "cuboid": [
            {
              "name": "car18_cuboid",
              "coordinate_system": "camera",
              "val": [
                -16.188702703292652,
                46.390709559197944,
                -12.198997810695344,
                -0.047426248782275866,
                -0.40899242298745414,
                1.3014713366682158,
                4.632807349638178,
                2.0306066318766987,
                1.8100948170317057
              ],
              "attributes": {
                "num": [
                  {
                    "name": "alpha",
                    "val": 0
                  }
                ]
              }
            }
          ]
        },
        "object_data_pointers": {
          "car18_cuboid": {
            "type": "cuboid",
            "frame_intervals": [],
            "attributes": {
              "alpha": "num"
            }
          }
        }
      },
      "19": {
        "name": "car19",
        "type": "Car",
        "object_data": {
          "bbox": [],
          "cuboid": [
            {
              "name": "car19_cuboid",
              "coordinate_system": "camera",
              "val": [
                8.40975959935666,
                35.60022856050575,
                -1.0470123384669976,
                -0.038052734880221366,
                -0.39772986074226513,
                -1.9342419137583493,
                4.755771017028607,
                2.0282964185865935,
                1.5774730469431104
              ],
              "attributes": {
                "num": [
                  {
                    "name": "alpha",
                    "val": 0
                  }
                ]
              }
            }
          ]
        },
        "object_data_pointers": {
          "car19_cuboid": {
            "type": "cuboid",
            "frame_intervals": [],
            "attributes": {
              "alpha": "num"
            }
          }
        }
      },
      "31": {
        "name": "car31",
        "type": "Car",
        "object_data": {
          "bbox": [],
          "cuboid": [
            {
              "name": "car31_cuboid",
              "coordinate_system": "camera",
              "val": [
                35.00528601531919,
                -12.047014336618542,
                11.393452543986706,
                -0.0576596186691469,
                -0.38179424301551207,
                2.6456589528147187,
                4.465325405409001,
                1.9492526328595976,
                1.6514164413958266
              ],
              "attributes": {
                "num": [
                  {
                    "name": "alpha",
                    "val": 0
                  }
                ]
              }
            }
          ]
        },
        "object_data_pointers": {
          "car31_cuboid": {
            "type": "cuboid",
            "frame_intervals": [],
            "attributes": {
              "alpha": "num"
            }
          }
        }
      },
      "32": {
        "name": "car32",
        "type": "Car",
        "object_data": {
          "bbox": [],
          "cuboid": [
            {
              "name": "car32_cuboid",
              "coordinate_system": "camera",
              "val": [
                38.35535242750828,
                -10.668767984771039,
                12.621333110551765,
                -0.058007062309994,
                -0.3802404232098673,
                2.616872807661376,
                4.554602780395434,
                1.909560013931364,
                1.6107209736057688
              ],
              "attributes": {
                "num": [
                  {
                    "name": "alpha",
                    "val": 0
                  }
                ]
              }
            }
          ]
        },
        "object_data_pointers": {
          "car32_cuboid": {
            "type": "cuboid",
            "frame_intervals": [],
            "attributes": {
              "alpha": "num"
            }
          }
        }
      },
      "33": {
        "name": "car33",
        "type": "Car",
        "object_data": {
          "bbox": [],
          "cuboid": [
            {
              "name": "car33_cuboid",
              "coordinate_system": "camera",
              "val": [
                40.19416601384425,
                -15.692177327066728,
                13.687755609740561,
                -0.0576596186691469,
                -0.38179424301551207,
                2.6456589528147187,
                4.465325405409001,
                2.003475660327418,
                1.6514164413958266
              ],
              "attributes": {
                "num": [
                  {
                    "name": "alpha",
                    "val": 0
                  }
                ]
              }
            }
          ]
        },
        "object_data_pointers": {
          "car33_cuboid": {
            "type": "cuboid",
            "frame_intervals": [],
            "attributes": {
              "alpha": "num"
            }
          }
        }
      },
      "55": {
        "name": "car55",
        "type": "Car",
        "object_data": {
          "bbox": [],
          "cuboid": [
            {
              "name": "car55_cuboid",
              "coordinate_system": "camera",
              "val": [
                -0.3044669131079745,
                8.793389785895613,
                -4.087390820080847,
                -0.043839332362535954,
                -0.3890130500121154,
                -0.6107048510912508,
                3.851125815125192,
                1.8870565463158435,
                1.5701779753101
              ],
              "attributes": {
                "num": [
                  {
                    "name": "alpha",
                    "val": 0
                  }
                ]
              }
            }
          ]
        },
        "object_data_pointers": {
          "car55_cuboid": {
            "type": "cuboid",
            "frame_intervals": [],
            "attributes": {
              "alpha": "num"
            }
          }
        }
      },
      "79": {
        "name": "car79",
        "type": "Car",
        "object_data": {
          "bbox": [
            {
              "name": "car79_bbox",
              "coordinate_system": "camera",
              "val": [
                13.845,
                953.26,
                27.69,
                49.48000000000002
              ],
              "attributes": {
                "num": [
                  {
                    "name": "truncated",
                    "val": 0.8
                  },
                  {
                    "name": "occluded",
                    "val": 0.0
                  }
                ]
              }
            }
          ],
          "cuboid": [
            {
              "name": "car79_cuboid",
              "coordinate_system": "camera",
              "val": [
                10.874588898871831,
                35.48403244084947,
                0.0019623880637210725,
                -0.03805273488022137,
                -0.3977298607422653,
                1.2073507398314434,
                4.755771017028607,
                2.0282964185865935,
                1.5774730469431104
              ],
              "attributes": {
                "num": [
                  {
                    "name": "alpha",
                    "val": 0
                  }
                ]
              }
            }
          ]
        },
        "object_data_pointers": {
          "car79_cuboid": {
            "type": "cuboid",
            "frame_intervals": [],
            "attributes": {
              "alpha": "num"
            }
          },
          "car79_bbox": {
            "type": "bbox",
            "frame_intervals": [],
            "attributes": {
              "truncated": "num",
              "occluded": "num"
            }
          }
        }
      }
    }
  }
}