{
  "openlabel": {
    "metadata": {
      "schema_version": "1.0.0",
      "frame_id": "001"
    },
    "objects": {
      "1": {
        "name": "car1",
        "type": "Car",
        "object_data": {
          "bbox": [
            {
              "name": "car1_bbox",
              "coordinate_system": "camera",
              "val": [
                1754.065,
                542.235,
                345.53,
                153.12999999999994
              ],
              "attributes": {
                "num": [
                  {
                    "name": "truncated",
                    "val": 0.0
                  },
                  {
                    "name": "occluded",
                    "val": 1.0
                  }
                ]
              }
            }
          ],
          "cuboid": [
            {
              "name": "car1_cuboid",
              "coordinate_system": "camera",
              "val": [
                22.206787511827603,
                7.1025622011651235,
                5.10137187772015,
                -0.04500000419775502,
                -0.3839441603364836,
                -1.4753966422327114,
                4.755771017028607,
                1.97,
                1.63
              ],
              "attributes": {
                "num": [
                  {
                    "name": "alpha",
                    "val": 0
                  }
                ]
              }
            }
          ]
        },
        "object_data_pointers": {
          "car1_cuboid": {
            "type": "cuboid",
            "frame_intervals": [],
            "attributes": {
              "alpha": "num"
            }
          },
          "car1_bbox": {
            "type": "bbox",
            "frame_intervals": [],
            "attributes": {
              "truncated": "num",
              "occluded": "num"
            }
          }
        }
      },
      "2": {
        "name": "car2",
        "type": "Car",
        "object_data": {
          "bbox": [
            {
              "name": "car2_bbox",
              "coordinate_system": "camera",
              "val": [
                1093.47,
                680.27,
                277.05999999999995,
                122.53999999999996
              ],
              "attributes": {
                "num": [
                  {
                    "name": "truncated",
                    "val": 0.0
                  },
                  {
                    "name": "occluded",
                    "val": 1.0
                  }
                ]
              }
            }
          ],
          "cuboid": [
            {
              "name": "car2_cuboid",
              "coordinate_system": "camera",
              "val": [
                21.426114559409015,
                17.87567203948359,
                4.335988141817698,
                -0.03278813864846699,
                -0.39195771180624606,
                -1.172596251292315,
                4.755771017028607,
                1.97,
                1.63
              ],
              "attributes": {
                "num": [
                  {
                    "name": "alpha",
                    "val": 0
                  }
                ]
              }
            }
          ]
        },
        "object_data_pointers": {
          "car2_cuboid": {
            "type": "cuboid",
            "frame_intervals": [],
            "attributes": {
              "alpha": "num"
            }
          },
          "car2_bbox": {
            "type": "bbox",
            "frame_intervals": [],
            "attributes": {
              "truncated": "num",
              "occluded": "num"
            }
          }
        }
      },
      "3": {
        "name": "car3",
        "type": "Car",
        "object_data": {
          "bbox": [],
          "cuboid": [
            {
              "name": "car3_cuboid",
              "coordinate_system": "camera",
              "val": [
                19.562304041557528,
                -8.276296235096389,
                4.817188382729136,
                -0.05570289774116575,
                -0.3883284201993008,
                1.132222428874535,
                4.287198612163675,
                1.97,
                1.5483189911825375
              ],
              "attributes": {
                "num": [
                  {
                    "name": "alpha",
                    "val": 0
                  }
                ]
              }
            }
          ]
        },
        "object_data_pointers": {
          "car3_cuboid": {
            "type": "cuboid",
            "frame_intervals": [],
            "attributes": {
              "alpha": "num"
            }
          }
        }
      },
      "4": {
        "name": "van4",
        "type": "Van",
        "object_data": {
          "bbox": [],
          "cuboid": [
            {
              "name": "van4_cuboid",
              "coordinate_system": "camera",
              "val": [
                14.8398568171309,
                -14.793171236707703,
                3.3300995038615455,
                -0.04689483174083676,
                -0.3911241875094824,
                0.7105660408200122,
                4.969842137537689,
                1.97,
                1.9899954071761135
              ],
              "attributes": {
                "num": [
                  {
                    "name": "alpha",
                    "val": 0
                  }
                ]
              }
            }
          ]
        },
        "object_data_pointers": {
          "van4_cuboid": {
            "type": "cuboid",
            "frame_intervals": [],
            "attributes": {
              "alpha": "num"
            }
          }
        }
      },
      "5": {
        "name": "car5",
        "type": "Car",
        "object_data": {
          "bbox": [],
          "cuboid": [
            {
              "name": "car5_cuboid",
              "coordinate_system": "camera",
              "val": [
                -3.1050465673036682,
                16.225325028699377,
                -5.522382365861578,
                -0.06269112356222534,
                -0.3700174425613107,
                2.5814789570594687,
                4.43,
                1.97,
                1.63
              ],
              "attributes": {
                "num": [
                  {
                    "name": "alpha",
                    "val": 0
                  }
                ]
              }
            }
          ]
        },
        "object_data_pointers": {
          "car5_cuboid": {
            "type": "cuboid",
            "frame_intervals": [],
            "attributes": {
              "alpha": "num"
            }
          }
        }
      },
      "6": {
        "name": "car6",
        "type": "Car",
        "object_data": {
          "bbox": [],
          "cuboid": [
            {
              "name": "car6_cuboid",
              "coordinate_system": "camera",
              "val": [
                7.3336076215046155,
                -20.37939114727313,
                0.13145362829013454,
                -0.04778400527243916,
                -0.41211835435931465,
                0.330752468527395,
                4.4205525270725134,
                1.97,
                1.7168185231254598
              ],
              "attributes": {
                "num": [
                  {
                    "name": "alpha",
                    "val": 0
                  }
                ]
              }
            }
          ]
        },
        "object_data_pointers": {
          "car6_cuboid": {
            "type": "cuboid",
            "frame_intervals": [],
            "attributes": {
              "alpha": "num"
            }
          }
        }
      },
      "8": {
        "name": "car8",
        "type": "Car",
        "object_data": {
          "bbox": [],
          "cuboid": [
            {
              "name": "car8_cuboid",
              "coordinate_system": "camera",
              "val": [
                -14.13651742070058,
                23.23301258385161,
                -10.140613061097,
                -0.06269112356222532,
                -0.3700174425613107,
                2.5520649311643067,
                4.43,
                1.97,
                1.63
              ],
              "attributes": {
                "num": [
                  {
                    "name": "alpha",
                    "val": 0
                  }
                ]
              }
            }
          ]
        },
        "object_data_pointers": {
          "car8_cuboid": {
            "type": "cuboid",
            "frame_intervals": [],
            "attributes": {
              "alpha": "num"
            }
          }
        }
      },
      "9": {
        "name": "car9",
        "type": "Car",
        "object_data": {
          "bbox": [],
          "cuboid": [
            {
              "name": "car9_cuboid",
              "coordinate_system": "camera",
              "val": [
                12.250686777315885,
                -22.094248110403562,
                2.272592559308779,
                -0.028661467472279913,
                -0.4079906881055411,
                0.49919367642926726,
                4.43,
                1.97,
                1.63
              ],
              "attributes": {
                "num": [
                  {
                    "name": "alpha",
                    "val": 0
                  }
                ]
              }
            }
          ]
        },
        "object_data_pointers": {
          "car9_cuboid": {
            "type": "cuboid",
            "frame_intervals": [],
            "attributes": {
              "alpha": "num"
            }
          }
        }
      },
      "10": {
        "name": "car10",
        "type": "Car",
        "object_data": {
          "bbox": [],
          "cuboid": [
            {
              "name": "car10_cuboid",
              "coordinate_system": "camera",
              "val": [
                6.817822272468605,
                -24.86574949345308,
                0.020687048474101633,
                -0.028661467472279916,
                -0.4079906881055415,
                0.34415094240986704,
                4.661864988082187,
                1.97,
                1.63
              ],
              "attributes": {
                "num": [
                  {
                    "name": "alpha",
                    "val": 0
                  }
                ]
              }
            }
          ]
        },
        "object_data_pointers": {
          "car10_cuboid": {
            "type": "cuboid",
            "frame_intervals": [],
            "attributes": {
              "alpha": "num"
            }
          }
        }
      },
      "11": {
        "name": "car11",
        "type": "Car",
        "object_data": {
          "bbox": [],
          "cuboid": [
            {
              "name": "car11_cuboid",
              "coordinate_system": "camera",
              "val": [
                -7.175612674382876,
                40.80139255124075,
                -8.081743364465547,
                -0.04742624878227584,
                -0.4089924229874539,
                1.1184574529138875,
                4.755771017028607,
                1.97,
                1.63
              ],
              "attributes": {
                "num": [
                  {
                    "name": "alpha",
                    "val": 0
                  }
                ]
              }
            }
          ]
        },
        "object_data_pointers": {
          "car11_cuboid": {
            "type": "cuboid",
            "frame_intervals": [],
            "attributes": {
              "alpha": "num"
            }
          }
        }
      },
      "12": {
        "name": "car12",
        "type": "Car",
        "object_data": {
          "bbox": [
            {
              "name": "car12_bbox",
              "coordinate_system": "camera",
              "val": [
                524.215,
                735.23,
                106.53000000000003,
                85.57999999999993
              ],
              "attributes": {
                "num": [
                  {
                    "name": "truncated",
                    "val": 0.0
                  },
                  {
                    "name": "occluded",
                    "val": 1.0
                  }
                ]
              }
            }
          ],
          "cuboid": [
            {
              "name": "car12_cuboid",
              "coordinate_system": "camera",
              "val": [
                22.36380226860706,
                36.6301038980269,
                4.796253681053733,
                -0.0380527348802213,
                -0.3977298607422651,
                0.919295292780819,
                4.755771017028607,
                1.97,
                1.63
              ],
              "attributes": {
                "num": [
                  {
                    "name": "alpha",
                    "val": 0
                  }
                ]
              }
            }
          ]
        },
        "object_data_pointers": {
          "car12_cuboid": {
            "type": "cuboid",
            "frame_intervals": [],
            "attributes": {
              "alpha": "num"
            }
          },
          "car12_bbox": {
            "type": "bbox",
            "frame_intervals": [],
            "attributes": {
              "truncated": "num",
              "occluded": "num"
            }
          }
        }
      },
      "13": {
        "name": "car13",
        "type": "Car",
        "object_data": {
          "bbox": [
            {
              "name": "car13_bbox",
              "coordinate_system": "camera",
              "val": [
                258.59000000000003,
                814.38,
                134.2,
                86.22000000000003
              ],
              "attributes": {
                "num": [
                  {
                    "name": "truncated",
                    "val": 0.0
                  },
                  {
                    "name": "occluded",
                    "val": 0.0
                  }
                ]
              }
            }
          ],
          "cuboid": [
            {
              "name": "car13_cuboid",
              "coordinate_system": "camera",
              "val": [
                18.729559741310258,
                40.765897447773916,
                3.167395430854609,
                -0.03805273488022126,
                -0.3977298607422659,
                0.9192952927808202,
                4.755771017028607,
                2.0893640677295555,
                1.63
              ],
              "attributes": {
                "num": [
                  {
                    "name": "alpha",
                    "val": 0
                  }
                ]
              }
            }
          ]
        },
        "object_data_pointers": {
          "car13_cuboid": {
            "type": "cuboid",
            "frame_intervals": [],
            "attributes": {
              "alpha": "num"
            }
          },
          "car13_bbox": {
            "type": "bbox",
            "frame_intervals": [],
            "attributes": {
              "truncated": "num",
              "occluded": "num"
            }
          }
        }
      },
      "17": {
        "name": "car17",
        "type": "Car",
        "object_data": {
          "bbox": [],
          "cuboid": [
            {
              "name": "car17_cuboid",
              "coordinate_system": "camera",
              "val": [
                -11.134385750959671,
                43.41115936713419,
                -9.99274460203823,
                -0.04742624878227584,
                -0.4089924229874539,
                1.1184574529138875,
                4.632807349638178,
                2.0306066318766987,
                1.63
              ],
              "attributes": {
                "num": [
                  {
                    "name": "alpha",
                    "val": 0
                  }
                ]
              }
            }
          ]
        },
        "object_data_pointers": {
          "car17_cuboid": {
            "type": "cuboid",
            "frame_intervals": [],
            "attributes": {
              "alpha": "num"
            }
          }
        }
      },
      "18": {
        "name": "car18",
        "type": "Car",
        "object_data": {
          "bbox": [],
          "cuboid": [
            {
              "name": "car18_cuboid",
              "coordinate_system": "camera",
              "val": [
                -16.188702703292652,
                46.390709559197944,
                -12.198997810695344,
                -0.04742624878227584,
                -0.4089924229874542,
                1.3014713366682162,
                4.632807349638178,
                2.0306066318766987,
                1.8100948170317057
              ],
              "attributes": {
                "num": [
                  {
                    "name": "alpha",
                    "val": 0
                  }
                ]
              }
            }
          ]
        },
        "object_data_pointers": {
          "car18_cuboid": {
            "type": "cuboid",
            "frame_intervals": [],
            "attributes": {
              "alpha": "num"
            }
          }
        }
      },
      "19": {
        "name": "car19",
        "type": "Car",
        "object_data": {
          "bbox": [],
          "cuboid": [
            {
              "name": "car19_cuboid",
              "coordinate_system": "camera",
              "val": [
                8.40975959935666,
                35.60022856050575,
                -1.0470123384669976,
                -0.038052734880221456,
                -0.3977298607422652,
                -1.93424191375835,
                4.755771017028607,
                2.0282964185865935,
                1.5774730469431104
              ],
              "attributes": {
                "num": [
                  {
                    "name": "alpha",
                    "val": 0
                  }
                ]
              }
            }
          ]
        },
        "object_data_pointers": {
          "car19_cuboid": {
            "type": "cuboid",
            "frame_intervals": [],
            "attributes": {
              "alpha": "num"
            }
          }
        }
      },
      "31": {
        "name": "car31",
        "type": "Car",
        "object_data": {
          "bbox": [],
          "cuboid": [
            {
              "name": "car31_cuboid",
              "coordinate_system": "camera",
              "val": [
                35.00528601531919,
                -12.047014336618542,
                11.393452543986706,
                -0.0576596186691469,
                -0.38179424301551207,
                2.6456589528147187,
                4.465325405409001,
                1.9492526328595976,
                1.6514164413958266
              ],
              "attributes": {
                "num": [
                  {
                    "name": "alpha",
                    "val": 0
                  }
                ]
              }
            }
          ]
        },
        "object_data_pointers": {
          "car31_cuboid": {
            "type": "cuboid",
            "frame_intervals": [],
            "attributes": {
              "alpha": "num"
            }
          }
        }
      },
      "32": {
        "name": "car32",
        "type": "Car",
        "object_data": {
          "bbox": [],
          "cuboid": [
            {
              "name": "car32_cuboid",
              "coordinate_system": "camera",
              "val": [
                38.35535242750828,
                -10.668767984771039,
                12.621333110551765,
                -0.058007062309994,
                -0.3802404232098673,
                2.616872807661376,
                4.554602780395434,
                1.909560013931364,
                1.6107209736057688
              ],
              "attributes": {
                "num": [
                  {
                    "name": "alpha",
                    "val": 0
                  }
                ]
              }
            }
          ]
        },
        "object_data_pointers": {
          "car32_cuboid": {
            "type": "cuboid",
            "frame_intervals": [],
            "attributes": {
              "alpha": "num"
            }
          }
        }
      },
      "33": {
        "name": "car33",
        "type": "Car",
        "object_data": {
          "bbox": [],
          "cuboid": [
            {
              "name": "car33_cuboid",
              "coordinate_system": "camera",
              "val": [
                40.19416601384425,
                -15.692177327066728,
                13.687755609740561,
                -0.0576596186691469,
                -0.38179424301551207,
                2.6456589528147187,
                4.465325405409001,
                2.003475660327418,
                1.6514164413958266
              ],
              "attributes": {
                "num": [
                  {
                    "name": "alpha",
                    "val": 0
                  }
                ]
              }
            }
          ]
        },
        "object_data_pointers": {
          "car33_cuboid": {
            "type": "cuboid",
            "frame_intervals": [],
            "attributes": {
              "alpha": "num"
            }
          }
        }
      },
      "55": {
        "name": "car55",
        "type": "Car",
        "object_data": {
          "bbox": [],
          "cuboid": [
            {
              "name": "car55_cuboid",
              "coordinate_system": "camera",
              "val": [
                -0.3044669131079745,
                8.793389785895613,
                -4.087390820080847,
                -0.0438393323625359,
                -0.38901305001211534,
                -0.6107048510912505,
                3.851125815125192,
                1.8870565463158435,
                1.5701779753101
              ],
              "attributes": {
                "num": [
                  {
                    "name": "alpha",
                    "val": 0
                  }
                ]
              }
            }
          ]
        },
        "object_data_pointers": {
          "car55_cuboid": {
            "type": "cuboid",
            "frame_intervals": [],
            "attributes": {
              "alpha": "num"
            }
          }
        }
      },
      "79": {
        "name": "car79",
        "type": "Car",
        "object_data": {
          "bbox": [
            {
              "name": "car79_bbox",
              "coordinate_system": "camera",
              "val": [
                13.845,
                953.26,
                27.69,
                49.48000000000002
              ],
              "attributes": {
                "num": [
                  {
                    "name": "truncated",
                    "val": 0.8
                  },
                  {
                    "name": "occluded",
                    "val": 0.0
                  }
                ]
              }
            }
          ],
          "cuboid": [
            {
              "name": "car79_cuboid",
              "coordinate_system": "camera",
              "val": [
                10.874588898871831,
                35.48403244084947,
                0.0019623880637210725,
                -0.03805273488022137,
                -0.3977298607422653,
                1.2073507398314434,
                4.755771017028607,
                2.0282964185865935,
                1.5774730469431104
              ],
              "attributes": {
                "num": [
                  {
                    "name": "alpha",
                    "val": 0
                  }
                ]
              }
            }
          ]
        },
        "object_data_pointers": {
          "car79_cuboid": {
            "type": "cuboid",
            "frame_intervals": [],
            "attributes": {
              "alpha": "num"
            }
          },
          "car79_bbox": {
            "type": "bbox",
            "frame_intervals": [],
            "attributes": {
              "truncated": "num",
              "occluded": "num"
            }
          }
        }
      }
    }
  }
}